Timestamp,Device,Event Type,CPU Usage (%),Memory Usage (%),Throughput (Mbps),Error Rate (%)
2024-04-20 00:00:00,Router_Model_X,Memory Leak,100.0,26.75,721.35,5.711695123565257
2024-04-20 01:00:00,Router_Model_X,Security Alert,100.0,44.74,801.03,2.9578122226663215
2024-04-20 02:00:00,Router_Model_X,Packet Drop,80.09787597245216,54.16,488.46,5.589604519663558
2024-04-20 03:00:00,Router_Model_X,Normal,34.65,74.09,562.23,3.76
2024-04-20 04:00:00,Router_Model_X,Memory Leak,79.95094114143122,56.85,980.61,6.440842239045854
2024-04-20 05:00:00,Router_Model_X,Memory Leak,90.28152468903014,45.59,130.53,4.076583899216562
2024-04-20 06:00:00,Router_Model_X,Normal,59.54,74.85,577.48,2.59
2024-04-20 07:00:00,Router_Model_X,Packet Drop,59.792480623937536,20.73,166.56,3.5419336295798125
2024-04-20 08:00:00,Router_Model_X,High CPU Usage,70.30700250894145,64.01,107.31,5.316550437993676
2024-04-20 09:00:00,Router_Model_X,High CPU Usage,33.958783204491354,17.49,497.79,2.122321658914437
2024-04-20 10:00:00,Router_Model_X,Normal,58.71,22.99,761.23,2.13
2024-04-20 11:00:00,Router_Model_X,High CPU Usage,94.9553739735155,22.73,129.72,6.025052759615309
2024-04-20 12:00:00,Router_Model_X,Packet Drop,57.87999039432611,72.9,605.43,5.978285512304548
2024-04-20 13:00:00,Router_Model_X,Security Alert,63.94390475115091,57.46,754.76,6.499508756495358
2024-04-20 14:00:00,Router_Model_X,Packet Drop,85.4355202760178,57.98,357.66,5.420132578479928
2024-04-20 15:00:00,Router_Model_X,Security Alert,78.25650919490786,34.33,392.41,4.209151573836953
2024-04-20 16:00:00,Router_Model_X,Security Alert,30.810952315196573,48.04,288.52,5.0638201466711426
2024-04-20 17:00:00,Router_Model_X,Memory Leak,100.0,34.55,663.96,5.391838571569407
2024-04-20 18:00:00,Router_Model_X,Normal,12.68,68.74,137.23,1.14
2024-04-20 19:00:00,Router_Model_X,Memory Leak,72.07399884383926,12.71,68.0,6.7364141369654815
2024-04-20 20:00:00,Router_Model_X,Packet Drop,98.93432252337864,33.6,188.16,5.879423523433855
2024-04-20 21:00:00,Router_Model_X,Security Alert,95.24246472964577,52.97,667.76,4.104174524713327
2024-04-20 22:00:00,Router_Model_X,Normal,18.59,36.95,287.08,3.76
2024-04-20 23:00:00,Router_Model_X,Security Alert,51.94275825052743,46.54,620.31,1.4550706609198658
2024-04-21 00:00:00,Router_Model_X,Security Alert,63.59380832582313,71.74,94.28,5.132270065038558
2024-04-21 01:00:00,Router_Model_X,Security Alert,32.8251465146227,41.05,182.33,2.0631013468870902
2024-04-21 02:00:00,Router_Model_X,Memory Leak,32.8453658901863,43.58,746.2,6.117524727185472
2024-04-21 03:00:00,Router_Model_X,High CPU Usage,66.08028146832257,19.31,248.28,3.2537025892085856
2024-04-21 04:00:00,Router_Model_X,High CPU Usage,85.44211894718268,77.94,192.33,3.047317778375854
2024-04-21 05:00:00,Router_Model_X,Memory Leak,99.57922433584866,70.35,247.56,4.540032674099495
2024-04-21 06:00:00,Router_Model_X,Security Alert,64.38697485551076,44.16,656.27,7.282923771146628
2024-04-21 07:00:00,Router_Model_X,Packet Drop,100.0,58.64,465.17,5.0488135660618205
2024-04-21 08:00:00,Router_Model_X,Security Alert,95.44987760601299,76.72,372.5,3.7348728193290106
2024-04-21 09:00:00,Router_Model_X,Packet Drop,45.49076686496111,64.33,157.15,4.390125062234137
2024-04-21 10:00:00,Router_Model_X,Normal,64.96,29.09,431.65,1.08
2024-04-21 11:00:00,Router_Model_X,Security Alert,38.25806229786264,66.35,407.1,2.8337791014959874
2024-04-21 12:00:00,Router_Model_X,Security Alert,48.24593529131332,79.69,640.89,6.639052580524716
2024-04-21 13:00:00,Router_Model_X,Memory Leak,67.91080806005127,43.33,311.37,3.1221040605030614
2024-04-21 14:00:00,Router_Model_X,Normal,71.93,73.79,576.52,1.4
2024-04-21 15:00:00,Router_Model_X,Packet Drop,100.0,66.85,373.92,3.9114190216210156
2024-04-21 16:00:00,Router_Model_X,Memory Leak,100.0,52.82,161.58,5.001623197166429
2024-04-21 17:00:00,Router_Model_X,High CPU Usage,31.052633380019476,54.44,942.87,3.210121303918947
2024-04-21 18:00:00,Router_Model_X,High CPU Usage,63.53553235393839,77.19,887.7,6.236285740093887
2024-04-21 19:00:00,Router_Model_X,Security Alert,47.285292917462854,66.61,127.4,6.540415792781824
2024-04-21 20:00:00,Router_Model_X,Security Alert,82.9396515398181,56.46,404.34,4.30753290188142
2024-04-21 21:00:00,Router_Model_X,High CPU Usage,95.95415045638123,64.72,594.65,6.121544060247965
2024-04-21 22:00:00,Router_Model_X,High CPU Usage,70.08195589995003,21.44,737.05,6.761428775010294
2024-04-21 23:00:00,Router_Model_X,High CPU Usage,56.84319956752873,24.5,565.86,3.3359050126911995
2024-04-22 00:00:00,Router_Model_X,Packet Drop,58.463677347710494,39.25,949.63,6.231024275329761
2024-04-22 01:00:00,Router_Model_X,Security Alert,100.0,21.08,457.74,1.9471894738311786
2024-04-22 02:00:00,Router_Model_X,Security Alert,77.53473122034713,25.8,352.98,3.5241148447656494
2024-04-22 03:00:00,Router_Model_X,Security Alert,76.18111599351484,47.2,911.39,4.418727725711318
2024-04-22 04:00:00,Router_Model_X,Packet Drop,100.0,42.56,123.95,5.223207128038339
2024-04-22 05:00:00,Router_Model_X,Packet Drop,38.143063672366544,69.72,906.59,5.44670536585439
2024-04-22 06:00:00,Router_Model_X,Security Alert,42.3776926647357,67.36,846.83,5.902304341026294
2024-04-22 07:00:00,Router_Model_X,High CPU Usage,100.0,46.47,458.57,4.973544316677516
2024-04-22 08:00:00,Router_Model_X,Normal,89.58,78.98,480.58,1.58
2024-04-22 09:00:00,Router_Model_X,Security Alert,82.34533605664691,19.52,377.88,3.452364760096179
2024-04-22 10:00:00,Router_Model_X,Memory Leak,100.0,72.17,955.48,4.613361664749071
2024-04-22 11:00:00,Router_Model_X,High CPU Usage,86.37445646718467,47.01,566.67,5.782845714124468
2024-04-22 12:00:00,Router_Model_X,Memory Leak,78.999517894002,65.43,904.7,3.046666193440904
2024-04-22 13:00:00,Router_Model_X,Security Alert,100.0,29.21,868.25,6.454838250722965
2024-04-22 14:00:00,Router_Model_X,Packet Drop,100.0,45.59,985.0,4.140297656219168
2024-04-22 15:00:00,Router_Model_X,Memory Leak,31.39347576744625,55.16,611.03,4.623208016729063
2024-04-22 16:00:00,Router_Model_X,Normal,59.11,11.14,532.6,3.15
2024-04-22 17:00:00,Router_Model_X,Normal,28.62,79.53,390.34,4.47
2024-04-22 18:00:00,Router_Model_X,Memory Leak,91.06387036599585,74.95,339.73,6.323566013911801
2024-04-22 19:00:00,Router_Model_X,Normal,17.14,17.07,843.37,2.38
2024-04-22 20:00:00,Router_Model_X,Packet Drop,92.21224143476431,40.07,520.78,5.755713154898891
2024-04-22 21:00:00,Router_Model_X,Packet Drop,71.55179112316908,71.12,261.27,2.387345246008038
2024-04-22 22:00:00,Router_Model_X,Normal,50.19,68.64,370.19,3.37
2024-04-22 23:00:00,Router_Model_X,Security Alert,64.27661951412458,67.62,124.76,2.8651889622984887
2024-04-23 00:00:00,Router_Model_X,Memory Leak,100.0,66.81,104.77,4.372475248361441
2024-04-23 01:00:00,Router_Model_X,Memory Leak,100.0,10.03,380.9,7.357062487502075
2024-04-23 02:00:00,Router_Model_X,Normal,66.31,59.86,880.73,3.02
2024-04-23 03:00:00,Router_Model_X,Security Alert,35.92214147923352,72.97,946.69,4.48287149329214
2024-04-23 04:00:00,Router_Model_X,High CPU Usage,83.12794070549012,67.29,217.6,4.780634489734323
2024-04-23 05:00:00,Router_Model_X,Packet Drop,46.73574171676138,46.02,604.73,5.930056270242526
2024-04-23 06:00:00,Router_Model_X,Packet Drop,33.33247064263021,18.65,50.31,2.4152082973557802
2024-04-23 07:00:00,Router_Model_X,Security Alert,75.99777252338876,79.95,745.66,6.061508868640535
2024-04-23 08:00:00,Router_Model_X,High CPU Usage,87.78324120456166,46.64,932.54,5.304998889238082
2024-04-23 09:00:00,Router_Model_X,Security Alert,31.801462261036583,44.95,147.76,6.390464405720522
2024-04-23 10:00:00,Router_Model_X,Normal,83.89,40.03,741.62,2.95
2024-04-23 11:00:00,Router_Model_X,Security Alert,100.0,22.19,323.4,5.126836008342236
2024-04-23 12:00:00,Router_Model_X,High CPU Usage,63.43986073418894,10.39,972.16,5.487455143116297
2024-04-23 13:00:00,Router_Model_X,Memory Leak,67.73707386204913,52.0,489.13,3.549250847779169
2024-04-23 14:00:00,Router_Model_X,High CPU Usage,47.15149890886336,75.84,880.93,2.6880427652096066
2024-04-23 15:00:00,Router_Model_X,Normal,34.54,41.16,553.4,4.41
2024-04-23 16:00:00,Router_Model_X,Memory Leak,92.89718341942418,55.35,551.88,4.0779955807501755
2024-04-23 17:00:00,Router_Model_X,Normal,76.79,25.41,670.08,1.29
2024-04-23 18:00:00,Router_Model_X,High CPU Usage,94.30112002520232,63.97,482.11,2.3551949368367837
2024-04-23 19:00:00,Router_Model_X,Security Alert,40.98012879684846,75.81,620.79,4.187534115944431
2024-04-23 20:00:00,Router_Model_X,Packet Drop,100.0,19.33,509.39,4.445450659427423
2024-04-23 21:00:00,Router_Model_X,Memory Leak,57.487377449721286,47.05,980.16,6.845068809036563
2024-04-23 22:00:00,Router_Model_X,Security Alert,75.21963719456977,55.95,841.97,2.119625950871159
2024-04-23 23:00:00,Router_Model_X,Packet Drop,56.25793057751976,36.76,757.54,4.988258051130318
2024-04-24 00:00:00,Router_Model_X,High CPU Usage,77.07631432542802,37.41,224.66,4.552504445157149
2024-04-24 01:00:00,Router_Model_X,Normal,50.36,75.53,554.76,0.07
2024-04-24 02:00:00,Router_Model_X,Packet Drop,61.52828592606353,18.26,302.33,5.633167847349087
2024-04-24 03:00:00,Router_Model_X,Normal,32.97,20.34,555.2,3.98
2024-04-24 04:00:00,Router_Model_X,Normal,60.98,37.38,510.91,2.72
2024-04-24 05:00:00,Router_Model_X,High CPU Usage,100.0,58.03,396.2,3.5835856940348396
2024-04-24 06:00:00,Router_Model_X,Normal,83.23,60.72,764.15,1.57
2024-04-24 07:00:00,Router_Model_X,Normal,17.32,76.21,643.94,1.79
2024-04-24 08:00:00,Router_Model_X,Packet Drop,73.96211946939492,38.24,973.92,4.5536670113663344
2024-04-24 09:00:00,Router_Model_X,Normal,15.94,61.94,436.81,1.42
2024-04-24 10:00:00,Router_Model_X,Normal,71.03,51.1,595.4,3.43
2024-04-24 11:00:00,Router_Model_X,Security Alert,74.03177497644197,59.31,157.95,6.027865495934218
2024-04-24 12:00:00,Router_Model_X,Security Alert,67.89782222975865,45.35,351.8,4.025449840879387
2024-04-24 13:00:00,Router_Model_X,Security Alert,47.09341605859984,79.59,922.4,3.2770938497206057
2024-04-24 14:00:00,Router_Model_X,Normal,12.88,77.87,794.31,3.44
2024-04-24 15:00:00,Router_Model_X,Security Alert,41.43745614493632,13.48,133.06,4.5521449733786
2024-04-24 16:00:00,Router_Model_X,Memory Leak,30.286969716173402,14.96,236.97,4.8561577900546755
2024-04-24 17:00:00,Router_Model_X,Memory Leak,71.02083937812192,36.29,492.8,5.516390371274811
2024-04-24 18:00:00,Router_Model_X,Packet Drop,72.65961266946017,36.98,876.37,7.125827839953481
2024-04-24 19:00:00,Router_Model_X,Memory Leak,76.73420258297143,12.51,669.74,2.3948518408886295
2024-04-24 20:00:00,Router_Model_X,Memory Leak,100.0,77.66,185.15,6.186933901241669
2024-04-24 21:00:00,Router_Model_X,Packet Drop,30.31427050472675,31.55,803.95,5.428290261779854
2024-04-24 22:00:00,Router_Model_X,Security Alert,65.92025463401302,69.72,525.28,3.2292137953584295
2024-04-24 23:00:00,Router_Model_X,Security Alert,31.594846085074785,45.61,513.92,5.915091982473346
2024-04-25 00:00:00,Router_Model_X,Packet Drop,89.32590270160145,75.96,181.4,3.8897135576446233
2024-04-25 01:00:00,Router_Model_X,Normal,51.26,53.01,287.55,3.8
2024-04-25 02:00:00,Router_Model_X,Packet Drop,66.05293982788794,64.56,890.92,4.042615896682739
2024-04-25 03:00:00,Router_Model_X,Packet Drop,99.07557456316323,52.68,865.2,5.356459753120882
2024-04-25 04:00:00,Router_Model_X,Normal,20.17,23.25,185.15,3.82
2024-04-25 05:00:00,Router_Model_X,Packet Drop,58.10662773717431,52.67,641.73,5.734137031811142
2024-04-25 06:00:00,Router_Model_X,Normal,18.73,32.99,632.29,2.5
2024-04-25 07:00:00,Router_Model_X,Memory Leak,44.673533597441825,24.36,468.33,2.9712475894229295
2024-04-25 08:00:00,Router_Model_X,Memory Leak,55.36351856035134,51.0,460.99,6.219940219976304
2024-04-25 09:00:00,Router_Model_X,Normal,72.66,35.25,129.19,1.71
2024-04-25 10:00:00,Router_Model_X,Security Alert,88.78750769518605,71.82,422.41,5.649246083386002
2024-04-25 11:00:00,Router_Model_X,Security Alert,50.80433523359285,12.05,914.4,7.025948727598709
2024-04-25 12:00:00,Router_Model_X,Packet Drop,64.39330571059618,42.47,555.41,7.54575569010983
2024-04-25 13:00:00,Router_Model_X,Normal,81.11,12.23,293.71,4.02
2024-04-25 14:00:00,Router_Model_X,Packet Drop,32.99118659791246,37.0,781.73,2.827309174940548
2024-04-25 15:00:00,Router_Model_X,Memory Leak,80.88697524559252,33.85,508.26,3.1264504176707373
2024-04-25 16:00:00,Router_Model_X,Security Alert,51.30729919151104,66.53,535.68,6.69805087285797
2024-04-25 17:00:00,Router_Model_X,Packet Drop,53.81184743214929,55.49,560.96,3.2734190387927935
2024-04-25 18:00:00,Router_Model_X,Memory Leak,44.052933948746904,25.94,613.05,4.04148340718272
2024-04-25 19:00:00,Router_Model_X,High CPU Usage,25.604487802963632,40.96,680.21,4.015560511758872
2024-04-25 20:00:00,Router_Model_X,Packet Drop,69.84784853784673,21.85,969.7,5.178846138790406
2024-04-25 21:00:00,Router_Model_X,Memory Leak,100.0,11.3,302.65,2.887368227302659
2024-04-25 22:00:00,Router_Model_X,Packet Drop,100.0,26.43,575.81,5.739186120106503
2024-04-25 23:00:00,Router_Model_X,Normal,68.12,58.04,823.54,2.88
2024-04-26 00:00:00,Router_Model_X,High CPU Usage,80.51430469454107,50.65,193.65,7.344518556573776
2024-04-26 01:00:00,Router_Model_X,Packet Drop,78.14768053464437,43.89,700.73,6.227450285864821
2024-04-26 02:00:00,Router_Model_X,Security Alert,100.0,67.07,888.46,6.828825317097335
2024-04-26 03:00:00,Router_Model_X,Packet Drop,64.7103753418859,60.53,528.98,6.503931960247293
2024-04-26 04:00:00,Router_Model_X,High CPU Usage,73.09518717173776,68.65,296.89,4.843171982398755
2024-04-26 05:00:00,Router_Model_X,Normal,41.4,77.31,630.99,2.62
2024-04-26 06:00:00,Router_Model_X,Normal,65.55,64.0,953.49,0.71
2024-04-26 07:00:00,Router_Model_X,Packet Drop,48.3775949186768,59.17,524.47,4.003905156199482
2024-04-26 08:00:00,Router_Model_X,Memory Leak,58.75002793774905,73.93,480.26,5.4759929276173445
2024-04-26 09:00:00,Router_Model_X,Normal,80.46,31.82,109.09,0.73
2024-04-26 10:00:00,Router_Model_X,Packet Drop,97.39181246974333,67.89,927.06,5.671580442424655
2024-04-26 11:00:00,Router_Model_X,Packet Drop,88.5557986202472,58.44,339.12,5.4813620692883696
2024-04-26 12:00:00,Router_Model_X,Packet Drop,80.64121050813998,33.45,387.0,4.717446291619849
2024-04-26 13:00:00,Router_Model_X,Memory Leak,100.0,31.33,156.03,4.8153042720566575
2024-04-26 14:00:00,Router_Model_X,Normal,14.25,32.27,691.31,2.03
2024-04-26 15:00:00,Router_Model_X,Memory Leak,61.29252771620668,56.08,596.66,4.820276217427261
2024-04-26 16:00:00,Router_Model_X,Security Alert,34.99586858350779,13.31,733.19,3.9780746218861456
2024-04-26 17:00:00,Router_Model_X,Memory Leak,47.57373425631852,23.94,606.55,4.221055627485059
2024-04-26 18:00:00,Router_Model_X,High CPU Usage,97.28526906954357,56.63,492.79,5.061857032358209
2024-04-26 19:00:00,Router_Model_X,High CPU Usage,31.791539843623912,65.72,272.31,4.060419904201716
2024-04-26 20:00:00,Router_Model_X,Packet Drop,61.47034416055185,76.11,134.89,2.5015177888874667
2024-04-26 21:00:00,Router_Model_X,Normal,74.87,75.31,884.44,2.4
2024-04-26 22:00:00,Router_Model_X,Memory Leak,96.5206795764935,56.1,808.22,1.1797854093371327
2024-04-26 23:00:00,Router_Model_X,Security Alert,85.24026017063905,38.82,505.05,2.550642049206996
2024-04-27 00:00:00,Router_Model_X,Packet Drop,73.14233893746238,34.38,875.86,6.770812284605807
2024-04-27 01:00:00,Router_Model_X,Security Alert,47.97311020015707,48.55,50.18,2.11324436499826
2024-04-27 02:00:00,Router_Model_X,Packet Drop,27.49442438818998,49.01,283.84,3.152776662733777
2024-04-27 03:00:00,Router_Model_X,Normal,86.96,52.6,915.14,1.93
2024-04-27 04:00:00,Router_Model_X,Normal,75.05,59.24,618.21,2.61
2024-04-27 05:00:00,Router_Model_X,Normal,34.36,25.7,168.81,3.11
2024-04-27 06:00:00,Router_Model_X,Memory Leak,100.0,18.66,259.41,6.4601831730548955
2024-04-27 07:00:00,Router_Model_X,Memory Leak,68.82713101143871,13.89,316.0,6.2033241850710805
2024-04-27 08:00:00,Router_Model_X,Normal,24.16,19.6,516.81,1.66
2024-04-27 09:00:00,Router_Model_X,Normal,42.21,69.83,908.41,4.74
2024-04-27 10:00:00,Router_Model_X,Memory Leak,99.50270560733254,21.37,888.2,4.160242345093982
2024-04-27 11:00:00,Router_Model_X,Memory Leak,40.72001806793759,66.39,444.91,3.5148451158010148
2024-04-27 12:00:00,Router_Model_X,High CPU Usage,89.56087201956646,77.88,434.73,2.0439904358599716
2024-04-27 13:00:00,Router_Model_X,Memory Leak,83.93178813502331,24.44,117.68,3.4115174397105994
2024-04-27 14:00:00,Router_Model_X,Normal,35.01,22.45,208.99,1.7
2024-04-27 15:00:00,Router_Model_X,Normal,19.14,52.3,350.04,1.48
2024-04-27 16:00:00,Router_Model_X,Memory Leak,68.2682273824751,17.3,387.98,3.7181344431957113
2024-04-27 17:00:00,Router_Model_X,High CPU Usage,100.0,12.06,853.54,3.4305571412537184
2024-04-27 18:00:00,Router_Model_X,Memory Leak,86.40209520025961,74.47,550.07,7.710092684127174
2024-04-27 19:00:00,Router_Model_X,Security Alert,90.03712622310121,77.1,208.44,3.479379320915602
2024-04-27 20:00:00,Router_Model_X,Security Alert,76.56237258097138,11.29,247.02,7.042505851533275
2024-04-27 21:00:00,Router_Model_X,Memory Leak,75.38642012791303,42.32,443.16,3.730147698271451
2024-04-27 22:00:00,Router_Model_X,Security Alert,47.59818856364601,60.39,774.07,4.094581112122296
2024-04-27 23:00:00,Router_Model_X,Normal,55.36,45.61,274.62,4.04
2024-04-28 00:00:00,Router_Model_X,High CPU Usage,26.8441036327432,53.15,602.6,2.7641957975608507
2024-04-28 01:00:00,Router_Model_X,Packet Drop,50.37282255822195,44.87,373.89,6.914250928197271
2024-04-28 02:00:00,Router_Model_X,Security Alert,100.0,60.19,999.57,6.050498692618872
2024-04-28 03:00:00,Router_Model_X,Normal,54.84,50.7,494.42,0.49
2024-04-28 04:00:00,Router_Model_X,Packet Drop,100.0,48.56,229.33,5.173216735382587
2024-04-28 05:00:00,Router_Model_X,Security Alert,99.52993139778572,46.55,198.92,2.5089004825508603
2024-04-28 06:00:00,Router_Model_X,High CPU Usage,100.0,19.92,293.84,1.5518160933762024
2024-04-28 07:00:00,Router_Model_X,Normal,35.98,15.83,686.73,4.12
2024-04-28 08:00:00,Router_Model_X,Security Alert,84.2574112043209,34.33,288.48,4.166791991825557
2024-04-28 09:00:00,Router_Model_X,Normal,41.53,39.05,797.0,3.95
2024-04-28 10:00:00,Router_Model_X,High CPU Usage,94.1937584914619,26.57,74.59,4.675280181997746
2024-04-28 11:00:00,Router_Model_X,High CPU Usage,91.67902253197302,53.91,928.03,5.265384429135396
2024-04-28 12:00:00,Router_Model_X,High CPU Usage,66.9642566614587,13.72,78.86,1.6225532346507432
2024-04-28 13:00:00,Router_Model_X,Normal,84.32,35.51,620.6,1.92
2024-04-28 14:00:00,Router_Model_X,Security Alert,72.10349775593664,79.06,152.72,6.425003504794519
2024-04-28 15:00:00,Router_Model_X,Normal,71.8,38.34,603.87,1.18
2024-04-28 16:00:00,Router_Model_X,Security Alert,99.90388130497806,78.37,398.01,6.789513738645587
2024-04-28 17:00:00,Router_Model_X,High CPU Usage,98.81991611674052,75.95,938.78,6.72864774125525
2024-04-28 18:00:00,Router_Model_X,Memory Leak,100.0,41.3,118.05,5.6767741969797285
2024-04-28 19:00:00,Router_Model_X,Packet Drop,100.0,76.87,561.24,4.223762770751479
2024-04-28 20:00:00,Router_Model_X,Security Alert,73.816688877654,22.1,512.07,6.941916008940135
2024-04-28 21:00:00,Router_Model_X,Normal,24.37,14.83,593.42,4.77
2024-04-28 22:00:00,Router_Model_X,Memory Leak,96.4336752602525,65.14,235.55,2.979692227401804
2024-04-28 23:00:00,Router_Model_X,High CPU Usage,78.40577846574497,15.74,329.83,6.6259451336920305
2024-04-29 00:00:00,Router_Model_X,Security Alert,53.2925446899924,71.62,977.05,2.1382319761195614
2024-04-29 01:00:00,Router_Model_X,Security Alert,38.503792172749655,45.99,609.02,4.857779767268811
2024-04-29 02:00:00,Router_Model_X,High CPU Usage,49.234260356916764,56.22,295.03,2.1936949125920457
2024-04-29 03:00:00,Router_Model_X,Packet Drop,100.0,50.6,78.43,6.1188375326522895
2024-04-29 04:00:00,Router_Model_X,High CPU Usage,98.10211263299192,20.96,135.67,2.592947881591486
2024-04-29 05:00:00,Router_Model_X,Normal,50.22,16.19,799.9,4.54
2024-04-29 06:00:00,Router_Model_X,Security Alert,33.77407696766404,69.92,944.02,2.2686160709185113
2024-04-29 07:00:00,Router_Model_X,Normal,88.8,21.54,115.16,3.9
2024-04-29 08:00:00,Router_Model_X,Security Alert,74.95333781271488,34.29,517.76,4.408305424865858
2024-04-29 09:00:00,Router_Model_X,Memory Leak,57.738187192793546,40.15,279.64,1.8426343733679937
2024-04-29 10:00:00,Router_Model_X,Memory Leak,74.44696583614648,45.31,982.42,4.523103807259981
2024-04-29 11:00:00,Router_Model_X,Normal,50.87,67.5,72.15,4.58
2024-04-29 12:00:00,Router_Model_X,Packet Drop,100.0,62.26,724.99,5.603793450308727
2024-04-29 13:00:00,Router_Model_X,Security Alert,45.336337976155065,47.17,671.16,2.333835996611325
2024-04-29 14:00:00,Router_Model_X,Security Alert,89.0521538386205,79.39,597.0,2.884466309321744
2024-04-29 15:00:00,Router_Model_X,High CPU Usage,48.1647830894032,53.53,737.98,4.507931249925671
2024-04-29 16:00:00,Router_Model_X,Normal,34.9,35.71,483.56,3.88
2024-04-29 17:00:00,Router_Model_X,Security Alert,84.70289214438542,55.77,566.01,5.948401092376153
2024-04-29 18:00:00,Router_Model_X,Packet Drop,47.93462271269384,20.92,166.5,6.307674360082135
2024-04-29 19:00:00,Router_Model_X,Packet Drop,93.17856531602456,16.71,481.59,5.140945726008075
2024-04-29 20:00:00,Router_Model_X,Normal,54.11,33.42,830.13,1.62
2024-04-29 21:00:00,Router_Model_X,Security Alert,100.0,25.06,682.81,3.619264637365055
2024-04-29 22:00:00,Router_Model_X,Security Alert,90.84532682622802,30.74,578.63,5.516962463751515
2024-04-29 23:00:00,Router_Model_X,Memory Leak,51.724149481626384,23.45,216.01,3.5396531727515606
2024-04-30 00:00:00,Router_Model_X,Normal,52.12,51.68,229.93,2.1
2024-04-30 01:00:00,Router_Model_X,Memory Leak,66.6764701373274,61.95,652.63,4.953716575026558
2024-04-30 02:00:00,Router_Model_X,High CPU Usage,100.0,18.61,749.33,5.17026007941032
2024-04-30 03:00:00,Router_Model_X,High CPU Usage,100.0,12.14,742.5,2.3295145366119536
2024-04-30 04:00:00,Router_Model_X,High CPU Usage,91.94131309004393,47.08,676.12,4.36149957368497
2024-04-30 05:00:00,Router_Model_X,Memory Leak,48.25907045194906,27.67,769.52,6.0602528634809705
2024-04-30 06:00:00,Router_Model_X,Memory Leak,100.0,61.25,259.77,3.5906149127439653
2024-04-30 07:00:00,Router_Model_X,Security Alert,83.63936737178125,21.52,62.44,4.542640361765592
2024-04-30 08:00:00,Router_Model_X,Packet Drop,70.65911915307504,58.88,346.13,4.852130632254302
2024-04-30 09:00:00,Router_Model_X,Memory Leak,97.25551270106865,40.41,955.3,4.4717294095179225
2024-04-30 10:00:00,Router_Model_X,Security Alert,47.65282595951643,14.8,934.22,6.412932194327782
2024-04-30 11:00:00,Router_Model_X,Packet Drop,33.324309804628285,51.6,269.82,4.887923839486699
2024-04-30 12:00:00,Router_Model_X,High CPU Usage,44.887539216562956,44.84,339.85,5.915090393205086
2024-04-30 13:00:00,Router_Model_X,Normal,44.28,23.89,675.27,3.6
2024-04-30 14:00:00,Router_Model_X,High CPU Usage,51.70999555948671,22.68,726.14,6.4305730738336795
2024-04-30 15:00:00,Router_Model_X,Memory Leak,90.30531912186758,27.35,783.08,5.500904071287652
2024-04-30 16:00:00,Router_Model_X,Packet Drop,30.699490262348185,71.27,902.56,5.9102152806686785
2024-04-30 17:00:00,Router_Model_X,Security Alert,99.07880090415432,25.75,852.42,7.672059528723733
2024-04-30 18:00:00,Router_Model_X,Normal,84.62,44.75,131.14,4.49
2024-04-30 19:00:00,Router_Model_X,Security Alert,40.943024768410446,57.21,297.17,2.879679132587826
2024-04-30 20:00:00,Router_Model_X,Security Alert,88.55055798775916,36.08,159.76,4.484466329270602
2024-04-30 21:00:00,Router_Model_X,Security Alert,99.6738070020652,22.0,766.84,6.88851567738541
2024-04-30 22:00:00,Router_Model_X,High CPU Usage,55.5173944376028,53.08,804.8,4.878488001354515
2024-04-30 23:00:00,Router_Model_X,Packet Drop,67.94731886234715,47.57,291.49,5.328192084124215
2024-05-01 00:00:00,Router_Model_X,High CPU Usage,38.25247843137567,24.02,805.65,2.953936076371641
2024-05-01 01:00:00,Router_Model_X,Security Alert,100.0,67.39,627.28,6.6393692086173886
2024-05-01 02:00:00,Router_Model_X,Normal,31.92,43.39,154.5,2.53
2024-05-01 03:00:00,Router_Model_X,Security Alert,43.833687389592555,14.36,663.62,5.71326771831391
2024-05-01 04:00:00,Router_Model_X,Packet Drop,38.66657163477221,75.1,847.25,5.041436982805325
2024-05-01 05:00:00,Router_Model_X,High CPU Usage,25.969201691886084,60.98,741.45,6.058668260315291
2024-05-01 06:00:00,Router_Model_X,High CPU Usage,66.42004445126156,30.12,714.0,5.71124620154829
2024-05-01 07:00:00,Router_Model_X,Memory Leak,49.40290207960813,28.99,782.97,4.807103296206471
2024-05-01 08:00:00,Router_Model_X,High CPU Usage,71.9280997680079,25.92,202.53,4.526810625571761
2024-05-01 09:00:00,Router_Model_X,Packet Drop,91.72850539893622,54.56,875.48,5.271267659516875
2024-05-01 10:00:00,Router_Model_X,Security Alert,96.17154258982191,53.93,428.61,2.94763723802041
2024-05-01 11:00:00,Router_Model_X,Memory Leak,86.92252176945203,59.38,447.8,5.057484553244287
2024-05-01 12:00:00,Router_Model_X,High CPU Usage,90.5927578068144,45.34,979.25,3.921793308845886
2024-05-01 13:00:00,Router_Model_X,Memory Leak,59.935902995294825,48.9,383.07,6.359106323706385
2024-05-01 14:00:00,Router_Model_X,High CPU Usage,50.664406824753364,66.89,430.35,4.32121191246019
2024-05-01 15:00:00,Router_Model_X,Normal,81.62,51.65,91.55,1.77
2024-05-01 16:00:00,Router_Model_X,High CPU Usage,79.85208697587214,18.6,307.03,6.231045049709537
2024-05-01 17:00:00,Router_Model_X,Security Alert,55.51660724315597,57.79,412.87,4.857032879599148
2024-05-01 18:00:00,Router_Model_X,Memory Leak,36.223539305522735,46.0,376.63,3.515826571346974
2024-05-01 19:00:00,Router_Model_X,Packet Drop,81.52460535838387,50.79,396.91,4.902963068295685
2024-05-01 20:00:00,Router_Model_X,Packet Drop,67.22006407434658,61.35,185.36,3.7194306534907153
2024-05-01 21:00:00,Router_Model_X,Memory Leak,51.80928530042114,50.18,252.42,4.326097688437152
2024-05-01 22:00:00,Router_Model_X,High CPU Usage,100.0,59.97,314.46,3.193366937412901
2024-05-01 23:00:00,Router_Model_X,High CPU Usage,57.83587268657973,10.7,212.92,4.420294532981337
2024-05-02 00:00:00,Router_Model_X,Normal,57.21,56.8,382.19,1.07
2024-05-02 01:00:00,Router_Model_X,High CPU Usage,77.08817608486535,50.27,908.45,5.279165327158843
2024-05-02 02:00:00,Router_Model_X,Packet Drop,54.03760185231386,13.63,950.51,1.750241067289802
2024-05-02 03:00:00,Router_Model_X,Normal,61.62,35.24,992.24,2.59
2024-05-02 04:00:00,Router_Model_X,Security Alert,70.60278910542222,78.19,567.18,4.406713854763381
2024-05-02 05:00:00,Router_Model_X,Normal,72.59,38.12,993.74,2.03
2024-05-02 06:00:00,Router_Model_X,Security Alert,77.20094431297653,44.33,130.02,5.362226771244386
2024-05-02 07:00:00,Router_Model_X,High CPU Usage,39.31075407984654,67.91,318.92,3.824435511326955
2024-05-02 08:00:00,Router_Model_X,Security Alert,28.119876743611403,21.3,472.17,1.5338495712009723
2024-05-02 09:00:00,Router_Model_X,Packet Drop,69.81010543471172,41.78,216.19,5.405484221496135
2024-05-02 10:00:00,Router_Model_X,Packet Drop,90.50444125006398,35.38,807.29,1.8111376368802454
2024-05-02 11:00:00,Router_Model_X,Packet Drop,74.61070975600737,58.8,719.1,5.364700117807226
2024-05-02 12:00:00,Router_Model_X,High CPU Usage,44.9246532380772,43.34,148.94,4.625781725149642
2024-05-02 13:00:00,Router_Model_X,Packet Drop,83.19993521826086,53.08,378.79,5.870233388763895
2024-05-02 14:00:00,Router_Model_X,Security Alert,76.53888229633509,30.27,338.89,4.984520353474638
2024-05-02 15:00:00,Router_Model_X,Memory Leak,54.83799147894311,36.16,962.76,7.084781426473608
2024-05-02 16:00:00,Router_Model_X,Security Alert,38.58425906638068,52.65,479.05,4.193368589221883
2024-05-02 17:00:00,Router_Model_X,Security Alert,68.00361121065299,43.76,532.68,6.272546519620592
2024-05-02 18:00:00,Router_Model_X,Memory Leak,86.35315246876344,53.0,621.88,4.112781722511198
2024-05-02 19:00:00,Router_Model_X,Security Alert,39.454595257963454,59.84,718.55,5.113173293108432
2024-05-02 20:00:00,Router_Model_X,Memory Leak,58.472351059783655,14.06,459.91,3.7499218249086415
2024-05-02 21:00:00,Router_Model_X,Packet Drop,32.18967443273998,24.34,287.7,7.383880421930647
2024-05-02 22:00:00,Router_Model_X,Security Alert,72.79875161367521,75.83,823.3,5.252502827998914
2024-05-02 23:00:00,Router_Model_X,Packet Drop,93.64814877798611,13.07,686.61,1.8800181470537973
2024-05-03 00:00:00,Router_Model_X,Packet Drop,32.6852106056305,61.71,768.74,2.0937117651204282
2024-05-03 01:00:00,Router_Model_X,Security Alert,73.54980947246283,39.73,489.93,4.213077087145903
2024-05-03 02:00:00,Router_Model_X,High CPU Usage,29.902408617230293,63.38,537.32,4.293663154895867
2024-05-03 03:00:00,Router_Model_X,High CPU Usage,62.10450754764211,67.52,727.14,3.1034386923394948
2024-05-03 04:00:00,Router_Model_X,Memory Leak,47.944724199532075,66.63,264.59,5.476188037787153
2024-05-03 05:00:00,Router_Model_X,Memory Leak,94.92647068715956,79.38,512.45,6.32224297266429
2024-05-03 06:00:00,Router_Model_X,Security Alert,34.153684487611265,32.74,138.28,6.077883693817234
2024-05-03 07:00:00,Router_Model_X,Security Alert,75.26457404250301,51.87,984.51,4.946665545591278
2024-05-03 08:00:00,Router_Model_X,Normal,75.05,32.09,699.08,4.53
2024-05-03 09:00:00,Router_Model_X,Normal,49.24,31.24,933.43,0.01
2024-05-03 10:00:00,Router_Model_X,Packet Drop,45.03699055121573,55.91,940.49,6.428020083322362
2024-05-03 11:00:00,Router_Model_X,Security Alert,82.3531545530405,77.44,810.47,5.399518235124607
2024-05-03 12:00:00,Router_Model_X,Packet Drop,43.70995988602702,31.8,666.34,4.2163598571513985
2024-05-03 13:00:00,Router_Model_X,Security Alert,81.19782902817701,29.72,528.58,3.4815013951017457
2024-05-03 14:00:00,Router_Model_X,Memory Leak,41.859416951354504,75.44,272.53,5.2685587972388275
2024-05-03 15:00:00,Router_Model_X,High CPU Usage,45.84839745191396,75.05,754.01,4.718858004093232
2024-05-03 16:00:00,Router_Model_X,Packet Drop,57.077336133912155,51.15,411.63,3.0485510465385692
2024-05-03 17:00:00,Router_Model_X,Memory Leak,99.55911619373532,37.65,688.77,2.622706700347385
2024-05-03 18:00:00,Router_Model_X,Memory Leak,74.73408701625152,39.95,892.63,7.122315173882724
2024-05-03 19:00:00,Router_Model_X,Security Alert,22.280231702916847,28.18,573.92,4.568309949784682
2024-05-03 20:00:00,Router_Model_X,Security Alert,64.70112384308179,63.07,883.03,5.040316639633955
2024-05-03 21:00:00,Router_Model_X,Packet Drop,47.088849547721225,34.37,292.2,2.500438770992046
2024-05-03 22:00:00,Router_Model_X,High CPU Usage,50.36849455595001,78.21,173.77,4.414705049929623
2024-05-03 23:00:00,Router_Model_X,High CPU Usage,34.813856988447256,36.09,898.44,2.2738932164172474
2024-05-04 00:00:00,Router_Model_X,Security Alert,60.304508251021474,12.19,356.55,5.915285708221036
2024-05-04 01:00:00,Router_Model_X,Normal,26.88,37.93,340.35,2.61
2024-05-04 02:00:00,Router_Model_X,Normal,62.13,36.44,589.66,4.61
2024-05-04 03:00:00,Router_Model_X,Memory Leak,71.28763996654496,20.33,805.06,2.0860774963050437
2024-05-04 04:00:00,Router_Model_X,High CPU Usage,97.26547564134677,28.83,959.15,2.8957925989782276
2024-05-04 05:00:00,Router_Model_X,Packet Drop,100.0,59.43,491.34,4.7509118392611445
2024-05-04 06:00:00,Router_Model_X,Normal,67.94,78.89,920.94,3.73
2024-05-04 07:00:00,Router_Model_X,Security Alert,40.02781135663284,60.89,364.76,4.770832440304772
2024-05-04 08:00:00,Router_Model_X,Normal,58.94,32.8,670.13,4.0
2024-05-04 09:00:00,Router_Model_X,Memory Leak,100.0,79.08,276.99,5.344317639548554
2024-05-04 10:00:00,Router_Model_X,Packet Drop,67.70163981068428,25.15,69.5,6.078104360605698
2024-05-04 11:00:00,Router_Model_X,Normal,62.06,42.41,778.1,1.22
2024-05-04 12:00:00,Router_Model_X,Packet Drop,27.331812377938,10.35,784.4,5.429170039114142
2024-05-04 13:00:00,Router_Model_X,Memory Leak,100.0,26.69,589.78,3.0307503472528494
2024-05-04 14:00:00,Router_Model_X,Packet Drop,92.5493256282453,48.29,397.06,3.8413673617044064
2024-05-04 15:00:00,Router_Model_X,Packet Drop,33.95037999635042,10.15,146.75,4.345590523252417
2024-05-04 16:00:00,Router_Model_X,Security Alert,89.06431625041118,46.7,270.65,4.119762380701786
2024-05-04 17:00:00,Router_Model_X,High CPU Usage,50.41718300115606,68.51,599.79,2.0632646171757196
2024-05-04 18:00:00,Router_Model_X,Memory Leak,69.6430668991087,42.55,722.79,2.1068468380959797
2024-05-04 19:00:00,Router_Model_X,Normal,22.31,40.15,523.45,3.83
2024-05-04 20:00:00,Router_Model_X,Memory Leak,97.63627426763836,78.31,693.56,5.753398784469291
2024-05-04 21:00:00,Router_Model_X,Security Alert,81.40498232732412,57.31,143.96,6.2171549107310895
2024-05-04 22:00:00,Router_Model_X,Memory Leak,93.71538863992217,20.06,239.61,6.536314873216396
2024-05-04 23:00:00,Router_Model_X,Packet Drop,98.71051653696931,73.04,200.53,6.401497867157559
