Date,Device,Config Change,Details
2024-04-20,Router_X,Security Patch,Automated script adjustment
2024-04-20,Firewall_Y,Configuration Reset,Automated script adjustment
2024-04-21,Router_X,Security Patch,Automated script adjustment
2024-04-21,Firewall_Y,Security Patch,Automated script adjustment
2024-04-22,Router_X,Firmware Update,Automated script adjustment
2024-04-22,Firewall_Y,Policy Change,Automated script adjustment
2024-04-23,Router_X,Security Patch,Automated script adjustment
2024-04-23,Firewall_Y,Firmware Update,Automated script adjustment
2024-04-24,Router_X,Configuration Reset,Automated script adjustment
2024-04-24,Firewall_Y,Firmware Update,Automated script adjustment
2024-04-25,Router_X,Policy Change,Automated script adjustment
2024-04-25,Firewall_Y,Configuration Reset,Automated script adjustment
2024-04-26,Router_X,Security Patch,Automated script adjustment
2024-04-26,Firewall_Y,Configuration Reset,Automated script adjustment
2024-04-27,Router_X,Policy Change,Automated script adjustment
2024-04-27,Firewall_Y,Policy Change,Automated script adjustment
2024-04-28,Router_X,Configuration Reset,Automated script adjustment
2024-04-28,Firewall_Y,Configuration Reset,Automated script adjustment
2024-04-29,Router_X,Configuration Reset,Automated script adjustment
2024-04-29,Firewall_Y,Policy Change,Automated script adjustment
2024-04-30,Router_X,Policy Change,Automated script adjustment
2024-04-30,Firewall_Y,Configuration Reset,Automated script adjustment
2024-05-01,Router_X,Firmware Update,Automated script adjustment
2024-05-01,Firewall_Y,Configuration Reset,Automated script adjustment
2024-05-02,Router_X,Firmware Update,Automated script adjustment
2024-05-02,Firewall_Y,Policy Change,Automated script adjustment
2024-05-03,Router_X,Security Patch,Automated script adjustment
2024-05-03,Firewall_Y,Policy Change,Automated script adjustment
2024-05-04,Router_X,Firmware Update,Automated script adjustment
2024-05-04,Firewall_Y,Security Patch,Automated script adjustment
